,City,Cloudiness,Country,Date,Humidity,Lat,Lng,Max Temp,Wind Speed
0,Norman Wells,90,CA,1571019946,80,65.28,-126.83,272.15,1.5
1,Castro,0,CL,1571019947,65,-42.48,-73.76,281.15,4.6
2,Richards Bay,78,ZA,1571019948,82,-28.77,32.06,293.78,7.733
3,Sao Jose da Coroa Grande,49,BR,1571019949,79,-8.9,-35.15,298.76,8.053
4,Novorzhev,73,RU,1571019950,96,57.03,29.33,278.93,1.789
5,Pevek,100,RU,1571019952,67,69.7,170.27,273.87,6.923
6,Quelimane,1,MZ,1571019953,88,-17.88,36.89,295.15,1.0
7,Geraldton,90,CA,1571019954,96,49.72,-86.95,274.15,2.6
8,Griffith,100,AU,1571019957,18,-34.29,146.06,301.48,4.1
9,Hermanus,0,ZA,1571019958,90,-34.42,19.24,292.04,0.45
10,Kaitangata,99,NZ,1571019959,86,-46.28,169.85,282.53,11.42
11,New Norfolk,91,AU,1571019960,42,-42.78,147.06,297.59,1.79
12,Alice Springs,54,AU,1571019962,7,-23.7,133.88,309.15,3.6
13,Hobart,32,AU,1571019963,42,-42.88,147.33,297.59,1.79
14,Busselton,51,AU,1571019964,37,-33.64,115.35,292.04,3.97
15,Clyde River,90,CA,1571019966,85,70.47,-68.59,269.15,1.5
16,Navirai,23,BR,1571019967,79,-23.07,-54.19,295.07,2.01
17,Albany,1,US,1571019968,81,42.65,-73.75,284.82,1.802
18,Yellowknife,90,CA,1571019970,70,62.45,-114.38,273.15,2.6
19,Rikitea,100,PF,1571019971,83,-23.12,-134.97,294.82,5.113
20,Nikolskoye,75,RU,1571019972,86,59.7,30.79,278.71,1.347
21,Tuktoyaktuk,40,CA,1571019973,68,69.44,-133.03,272.15,6.2
22,Bocanda,83,CI,1571019975,97,7.06,-4.5,294.46,0.638
23,Punta Arenas,75,CL,1571019976,70,-53.16,-70.91,279.15,7.2
24,Cape Town,0,ZA,1571019977,87,-33.93,18.42,288.15,4.1
25,Vaini,40,IN,1571019978,100,15.34,74.49,296.15,3.728
26,Djambala,100,CG,1571019980,89,-2.55,14.76,293.66,1.145
27,Thompson,90,CA,1571019981,100,55.74,-97.86,274.15,3.1
28,Flinders,0,AU,1571019982,46,-34.58,150.85,298.15,3.1
29,Atuona,88,PF,1571019983,72,-9.8,-139.03,299.43,5.269
30,Chuy,99,UY,1571019985,71,-33.69,-53.46,284.07,5.872
31,Carnarvon,0,ZA,1571019986,40,-30.97,22.13,286.49,4.776
32,Codrington,40,AU,1571019987,39,-28.95,153.24,299.82,2.6
33,East London,9,ZA,1571019989,76,-33.02,27.91,291.12,9.947
34,Ponta do Sol,28,BR,1571019990,50,-20.63,-46.0,294.23,2.521
35,Sinnamary,89,GF,1571019991,82,5.38,-52.96,300.51,7.315
36,Damphu,0,BT,1571019993,48,27.07,90.11,296.16,0.563
37,Ahipara,100,NZ,1571019994,100,-35.17,173.16,286.48,10.961
38,Barrow,95,AR,1571019995,78,-38.31,-60.23,277.02,3.467
39,Qaanaaq,100,GL,1571019996,53,77.48,-69.36,261.88,6.116
40,Iqaluit,5,CA,1571019998,85,63.75,-68.52,267.15,2.1
41,Tamiahua,34,MX,1571019999,77,21.28,-97.45,297.68,1.576
42,Malatya,0,TR,1571020000,65,38.35,38.32,278.15,3.1
43,Bluff,13,AU,1571020002,38,-23.58,149.07,302.25,3.224
44,Lodeynoye Pole,93,RU,1571020003,86,60.73,33.55,277.65,1.541
45,Cururupu,0,BR,1571020004,90,-1.82,-44.87,296.43,1.352
46,Ushuaia,40,AR,1571020005,64,-54.81,-68.31,276.15,4.6
47,Cidreira,100,BR,1571020007,96,-30.17,-50.22,293.08,6.087
48,Poum,0,MK,1571020008,78,41.28,20.71,283.8,0.991
49,Mizdah,87,LY,1571020009,96,31.45,12.98,290.35,2.8
50,Grindavik,75,IS,1571020010,86,63.84,-22.43,278.15,6.7
51,Half Moon Bay,20,US,1571020011,87,37.46,-122.43,296.48,2.319
52,Ryde,100,GB,1571020013,93,50.73,-1.16,285.37,1.5
53,Bull Savanna,100,JM,1571020014,93,17.89,-77.59,295.45,1.539
54,San Felipe,100,CL,1571020015,70,-32.75,-70.73,292.04,0.935
55,Rudnya,100,RU,1571020016,89,50.8,44.56,284.24,3.067
56,Port Alfred,0,ZA,1571020018,85,-33.59,26.89,290.37,3.58
57,Kapaa,75,US,1571020023,83,22.08,-159.32,303.15,4.1
58,Cabo San Lucas,90,MX,1571020024,88,22.89,-109.91,300.37,5.1
59,Taguatinga,93,BR,1571020026,38,-15.83,-48.06,296.15,1.0
60,Mataura,100,NZ,1571020027,67,-46.19,168.86,289.13,2.275
61,Vaitape,9,PF,1571020028,75,-16.52,-151.75,298.3,7.368
62,Vestmanna,79,FO,1571020030,86,62.16,-7.17,276.15,2.852
63,Port Keats,34,AU,1571020031,47,-14.25,129.55,305.82,6.026
64,Xuddur,31,SO,1571020032,84,4.12,43.89,296.15,4.883
65,Jamestown,29,AU,1571020033,39,-33.21,138.6,293.95,4.182
66,Airai,14,TL,1571020035,13,-8.93,125.41,304.14,4.156
67,Vila Velha,75,BR,1571020036,74,-3.71,-38.6,300.15,6.7
68,Kontagora,16,NG,1571020037,92,10.4,5.47,295.58,1.259
69,Saskylakh,78,RU,1571020038,94,71.97,114.09,265.97,1.461
70,San Marino,1,US,1571020040,56,34.12,-118.11,293.15,2.6
71,Jaleswar,0,IN,1571020041,72,21.8,87.22,300.34,3.005
72,Georgetown,90,GY,1571020042,100,6.8,-58.16,297.15,1.0
73,Shimoda,75,JP,1571020044,88,34.7,138.93,295.15,11.8
74,Raudeberg,0,NO,1571020045,80,61.99,5.14,278.15,3.1
75,Baijiantan,0,CN,1571020046,37,45.63,85.18,290.46,2.852
76,Victoria,75,BN,1571020048,70,5.28,115.24,304.15,0.5
77,Goure,61,NE,1571020049,26,13.98,10.27,302.04,5.81
78,San Luis,67,AR,1571020050,37,-33.3,-66.34,288.33,12.03
79,Kisangani,95,CD,1571020052,98,0.52,25.21,294.14,0.971
80,Meadow Lake,99,CA,1571020053,65,54.13,-108.44,275.14,0.959
81,Mocuba,50,MZ,1571020054,93,-16.84,36.99,294.24,0.688
82,Ancud,0,CL,1571020056,65,-41.87,-73.83,281.15,4.6
83,Faanui,9,PF,1571020057,75,-16.48,-151.75,298.3,7.368
84,Hamilton,75,CA,1571020058,58,43.26,-79.87,288.71,9.3
85,Dikson,100,RU,1571020059,99,73.51,80.55,272.52,2.027
86,Bethel,1,US,1571020061,55,60.79,-161.76,278.15,4.6
87,Senneterre,90,CA,1571020062,93,48.39,-77.24,280.15,3.6
88,Leningradskiy,97,RU,1571020063,57,69.38,178.42,271.99,2.343
89,Port Macquarie,0,AU,1571020064,56,-31.43,152.91,297.04,5.7
90,Coruripe,7,BR,1571020066,79,-10.12,-36.18,297.63,5.352
91,Mahebourg,75,MU,1571020067,88,-20.41,57.7,294.26,1.5
92,Ust-Maya,100,RU,1571020068,81,60.42,134.54,266.08,3.248
93,Biak,0,ID,1571020069,79,-0.91,122.88,300.29,4.653
94,Hangu,5,PK,1571020071,68,33.53,71.06,294.15,2.1
95,Kindu,100,CD,1571020072,99,-2.95,25.92,293.3,0.6
96,Rome,100,IT,1571020073,93,41.89,12.48,290.37,2.1
97,Padang,95,ID,1571020074,74,-0.92,100.36,299.08,1.15
98,Hilo,40,US,1571020075,65,19.71,-155.08,301.15,3.6
99,Flin Flon,89,CA,1571020077,89,54.77,-101.88,274.3,1.416
100,Marinette,1,US,1571020078,77,45.1,-87.63,277.15,3.1
101,High Level,40,CA,1571020079,74,58.52,-117.13,274.15,6.2
102,Tanout,0,NE,1571020080,21,14.97,8.88,301.26,4.538
103,Puerto Ayacucho,20,CO,1571020082,83,5.66,-67.63,300.15,0.544
104,Lima,90,PE,1571020083,77,-12.06,-77.04,290.15,3.6
105,Longyearbyen,37,NO,1571020084,73,78.22,15.63,266.15,0.5
106,Hobyo,7,SO,1571020086,78,5.35,48.53,299.52,0.976
107,Talnakh,100,RU,1571020087,97,69.49,88.39,270.62,3.684
108,Namatanai,80,PG,1571020088,66,-3.66,152.44,302.03,0.645
109,Mahibadhoo,0,MV,1571020089,69,3.78,72.97,301.24,2.023
110,Avarua,0,CK,1571020091,61,-21.21,-159.78,298.15,6.7
111,Lafiagi,10,NG,1571020092,95,8.85,5.42,295.94,1.48
112,Shingu,75,JP,1571020093,88,33.72,135.99,295.15,2.1
113,Sahuaripa,100,MX,1571020095,94,29.05,-109.23,288.77,2.606
114,Sao Joao da Barra,0,BR,1571020096,82,-21.64,-41.05,296.42,9.89
115,Quesnel,20,CA,1571020097,93,52.98,-122.49,277.15,1.5
116,Ribeira Grande,100,PT,1571020100,78,38.52,-28.7,289.55,5.183
117,Gurbanesti,26,RO,1571020101,93,44.38,26.7,283.15,0.5
118,Sitka,0,US,1571020102,56,37.17,-99.65,286.48,4.92
119,Aguimes,20,ES,1571020104,64,27.91,-15.45,294.15,3.6
120,Wollongong,40,AU,1571020105,49,-34.42,150.89,298.15,6.2
121,Moranbah,0,AU,1571020106,23,-22.0,148.04,304.86,2.381
122,Alofi,99,NU,1571020107,65,-19.06,-169.92,299.15,6.2
123,Salalah,0,OM,1571020109,64,17.01,54.1,297.15,1.5
124,Aizawl,20,IN,1571020110,88,23.74,92.72,298.15,0.406
125,Fairbanks,90,US,1571020111,68,64.84,-147.72,272.15,4.6
126,Nome,40,US,1571020112,64,30.04,-94.42,297.59,2.1
127,Mackay,90,CA,1571020114,100,53.65,-115.58,276.15,1.0
128,Guerrero Negro,0,MX,1571020115,67,27.97,-114.04,293.41,6.044
129,Souillac,0,FR,1571020116,77,45.6,-0.6,292.15,8.2
130,Port Elizabeth,90,US,1571020118,93,39.31,-74.98,291.48,4.1
131,Puerto Madryn,0,AR,1571020119,66,-42.77,-65.04,278.92,3.186
132,Zhashkiv,0,UA,1571020120,54,49.25,30.1,284.68,1.379
133,Katangli,94,RU,1571020121,40,51.71,143.23,276.35,5.56
134,Mecca,13,SA,1571020123,49,21.43,39.83,301.05,0.917
135,Saint-Philippe,75,CA,1571020124,70,45.36,-73.48,285.93,4.1
136,Sao Filipe,0,CV,1571020125,75,14.9,-24.5,298.73,8.324
137,Vila Franca do Campo,75,PT,1571020127,82,37.72,-25.43,290.15,3.6
138,Constitucion,75,MX,1571020129,52,23.99,-104.67,292.59,2.6
139,Puerto Ayora,0,EC,1571020130,89,-0.74,-90.35,293.15,2.68
140,Arlit,0,NE,1571020132,19,18.74,7.39,301.07,3.646
141,Lagoa,40,PT,1571020133,88,37.14,-8.45,292.15,7.7
142,Porto Empedocle,78,IT,1571020134,90,37.29,13.53,290.93,1.066
143,Eureka,1,US,1571020136,93,40.8,-124.16,285.37,3.6
144,Newport,100,GB,1571020137,93,51.59,-3.0,284.26,2.6
145,Kamaishi,75,JP,1571020138,76,39.28,141.86,286.15,2.1
146,Soroti,100,UG,1571020140,95,1.71,33.61,291.13,0.495
147,Bredasdorp,8,ZA,1571020141,87,-34.53,20.04,287.59,1.5
148,Mangaratiba,0,BR,1571020143,94,-22.96,-44.04,297.15,3.542
149,Severnoye,12,RU,1571020144,93,54.09,52.54,278.72,5.857
150,Arraial do Cabo,0,BR,1571020145,87,-22.97,-42.02,295.77,13.229
151,Broome,100,GB,1571020146,93,52.47,1.45,283.15,1.0
152,Hovd,8,NO,1571020148,92,63.83,10.7,278.71,3.1
153,Scottsbluff,1,US,1571020149,52,41.87,-103.67,283.15,2.6
154,Bandarbeyla,94,SO,1571020150,77,9.49,50.81,300.18,4.543
155,Lebu,20,ET,1571020151,87,8.96,38.73,284.15,2.1
156,Upernavik,0,GL,1571020153,47,72.79,-56.15,265.78,4.784
157,Provideniya,90,RU,1571020154,88,64.42,-173.23,275.15,5.0
158,Hervey Bay,40,AU,1571020155,47,-25.3,152.85,299.26,5.7
159,Sitrah,5,BH,1571020156,79,26.15,50.62,302.15,1.0
160,Buala,92,SB,1571020158,70,-8.15,159.59,302.11,1.81
161,Conceicao do Araguaia,0,BR,1571020159,64,-8.26,-49.26,298.96,1.573
162,Tshela,100,CD,1571020160,97,-4.99,12.94,294.65,1.414
163,Pedro II,4,BR,1571020161,61,-4.43,-41.45,294.56,1.103
164,Sogamoso,89,CO,1571020163,88,5.71,-72.93,281.69,1.206
165,Laishevo,75,RU,1571020164,75,55.4,49.55,281.15,5.0
166,Ilulissat,0,GL,1571020165,52,69.22,-51.1,266.15,3.6
167,Ostrovnoy,96,RU,1571020166,80,68.05,39.51,274.37,3.999
168,Denpasar,20,ID,1571020168,79,-8.65,115.22,302.15,3.6
169,Santiago del Estero,100,AR,1571020169,90,-27.8,-64.26,289.03,7.24
170,Gushikawa,75,JP,1571020170,88,26.35,127.87,299.15,4.6
171,Butaritari,66,KI,1571020172,63,3.07,172.79,302.86,2.457
172,Hastings,100,NZ,1571020173,71,-39.64,176.84,285.39,6.257
173,Tasiilaq,99,GL,1571020177,86,65.61,-37.64,274.15,14.4
174,Mar del Plata,0,AR,1571020179,67,-46.43,-67.52,280.12,2.429
175,Kuala Terengganu,75,MY,1571020180,74,5.33,103.14,302.15,2.1
176,Saint George,0,GR,1571020181,93,39.45,22.34,287.15,0.54
177,Dabakala,87,CI,1571020182,97,8.36,-4.43,294.02,0.915
178,Hukuntsi,35,BW,1571020184,32,-23.98,21.76,294.14,3.596
179,Torbay,90,CA,1571020185,100,47.66,-52.73,284.26,4.1
180,San Cristobal,99,HN,1571020186,95,14.68,-86.92,292.46,1.401
181,Shanting,83,CN,1571020187,58,35.08,117.46,288.26,5.953
182,Sartell,1,US,1571020189,92,45.62,-94.21,276.15,3.8
183,Belle Glade,40,US,1571020190,74,26.68,-80.67,300.15,3.1
184,Lichinga,54,MZ,1571020191,73,-13.3,35.25,293.51,2.86
185,Trinidad,14,BO,1571020192,64,-14.83,-64.9,299.51,1.789
186,Goderich,100,CA,1571020194,87,43.74,-81.71,283.15,1.34
187,Nakusp,100,CA,1571020195,97,50.24,-117.8,276.48,1.769
188,Kavieng,100,PG,1571020196,69,-2.57,150.8,301.87,1.945
189,Constantine,0,DZ,1571020197,72,36.36,6.61,288.15,1.864
190,Eunice,1,US,1571020199,56,30.49,-92.42,295.15,2.6
191,Menongue,100,AO,1571020200,78,-14.66,17.68,290.47,3.325
192,Oparino,99,RU,1571020201,82,59.85,48.28,278.79,5.346
193,Chokurdakh,100,RU,1571020202,93,70.62,147.9,263.28,4.568
194,Barmer,0,IN,1571020204,31,25.74,71.4,303.79,2.963
195,Esperance,90,AU,1571020205,59,-33.86,121.89,291.15,4.1
196,Srednekolymsk,100,RU,1571020206,96,67.46,153.71,271.02,7.028
197,Karratha,0,AU,1571020208,71,-20.74,116.85,296.31,6.498
198,Lincoln,100,GB,1571020209,93,53.23,-0.54,282.15,2.1
199,Bubaque,100,GW,1571020210,77,11.28,-15.83,300.28,3.114
200,Khani,0,GE,1571020211,93,41.96,42.96,282.15,2.1
201,Ano Mera,0,GR,1571020213,77,37.45,25.4,293.71,7.7
202,Darbhanga,0,IN,1571020214,56,26.16,85.9,300.18,0.815
203,Novopokrovka,0,UA,1571020216,81,49.84,36.56,284.15,2.0
204,Klaksvik,42,FO,1571020217,86,62.23,-6.59,276.15,5.071
205,Inverell,5,AU,1571020218,44,-29.78,151.11,298.15,0.89
206,Beckley,1,US,1571020219,87,37.78,-81.19,285.15,1.741
207,Neijiang,100,CN,1571020221,74,29.59,105.06,292.53,3.796
208,Groningen,90,NL,1571020222,93,53.22,6.57,286.48,3.6
209,Matara,31,BI,1571020223,81,-3.48,29.48,288.52,1.72
210,Eyl,0,SO,1571020224,82,7.98,49.82,299.8,2.702
211,Elhovo,5,BG,1571020226,100,42.17,26.57,280.93,2.698
212,Okhotsk,74,RU,1571020227,58,59.36,143.24,267.29,8.027
213,Moose Jaw,40,CA,1571020228,55,50.4,-105.54,274.15,1.5
214,Riviere-au-Renard,75,CA,1571020230,93,49.0,-64.4,280.15,1.5
215,San Clemente,40,US,1571020231,77,33.43,-117.61,293.15,3.1
216,Saint-Medard-en-Jalles,0,FR,1571020232,88,44.9,-0.72,292.04,6.2
217,Kirensk,100,RU,1571020234,62,57.78,108.12,272.8,5.05
218,Wanxian,100,CN,1571020235,87,30.8,108.39,288.37,2.492
219,West Point,90,US,1571020236,100,33.61,-88.65,285.37,1.566
220,Nyon,0,CH,1571020237,93,46.38,6.24,288.15,1.0
221,Pangnirtung,14,CA,1571020239,55,66.15,-65.72,268.01,1.031
222,Swindon,1,GB,1571020240,100,51.56,-1.79,283.71,2.1
223,Koutsouras,0,GR,1571020241,71,35.03,25.95,293.71,4.92
224,Surman,67,LY,1571020242,76,32.76,12.57,297.26,4.88
225,Saldanha,99,PT,1571020244,72,41.42,-6.55,287.75,3.281
226,Nanortalik,0,GL,1571020245,86,60.14,-45.24,274.31,6.432
227,Bridlington,100,GB,1571020246,93,54.08,-0.19,281.48,2.6
228,Calama,75,CL,1571020247,30,-22.46,-68.93,286.15,5.1
229,Saint-Vallier,0,FR,1571020249,87,46.64,4.37,290.37,1.0
230,Honningsvag,95,NO,1571020250,61,70.98,25.97,276.53,2.464
231,Malartic,90,CA,1571020251,93,48.14,-78.13,280.15,3.6
232,Hithadhoo,100,MV,1571020253,73,-0.6,73.08,301.43,2.241
233,Lasa,0,CY,1571020254,35,34.92,32.53,298.15,4.1
234,Saint-Augustin,20,CA,1571020256,66,45.63,-73.98,284.26,4.1
235,Nevsehir,0,TR,1571020257,60,38.62,34.71,279.15,0.946
236,Henties Bay,85,NA,1571020258,87,-22.12,14.28,290.37,2.68
237,Lasem,67,ID,1571020259,36,-6.99,112.52,308.01,3.056
238,Omsukchan,94,RU,1571020260,88,62.53,155.8,260.89,1.277
239,Piacabucu,4,BR,1571020262,81,-10.41,-36.43,296.9,4.298
240,Haverfordwest,100,GB,1571020263,98,51.8,-4.97,284.82,0.45
241,Saint Anthony,1,US,1571020264,36,43.97,-111.68,281.15,2.062
242,La Asuncion,100,AR,1571020266,96,-26.05,-65.39,284.0,1.253
243,Zhigansk,100,RU,1571020267,83,66.77,123.37,267.47,4.772
244,Ust-Tsilma,100,RU,1571020269,94,65.44,52.15,277.0,3.654
245,Coos Bay,90,US,1571020270,82,43.37,-124.22,287.04,7.7
246,Pulandian,0,CN,1571020271,34,39.4,121.96,283.15,7.0
247,Port-Gentil,100,GA,1571020273,83,-0.72,8.78,299.02,4.435
248,Salinopolis,42,BR,1571020274,78,-0.61,-47.36,300.34,7.465
249,Manyana,29,AU,1571020275,46,-35.26,150.51,295.37,3.1
250,Butte,1,US,1571020276,69,46.01,-112.54,279.26,2.6
251,Lubango,59,AO,1571020278,98,-14.92,13.49,287.44,2.54
252,Avera,40,US,1571020279,100,33.19,-82.53,296.15,1.13
253,San Patricio,42,PY,1571020280,83,-26.98,-56.83,297.32,4.21
254,Esso,78,RU,1571020281,93,55.93,158.7,267.8,1.676
255,Westbrook,1,US,1571020283,81,43.68,-70.37,285.37,1.511
256,Ciudad Bolivar,9,VE,1571020284,76,8.12,-63.55,298.41,3.132
257,Juegang,99,CN,1571020285,94,32.31,121.18,297.59,9.637
258,Chumikan,66,RU,1571020287,39,54.72,135.31,272.52,7.699
259,Willowmore,9,ZA,1571020288,83,-33.3,23.49,283.23,2.692
260,Doha,1,QA,1571020289,83,25.29,51.53,304.15,3.744
261,Bambous Virieux,75,MU,1571020290,88,-20.34,57.76,294.26,1.5
262,Skeldon,100,GY,1571020292,80,5.88,-57.13,300.52,3.996
263,Yasnyy,100,RU,1571020293,92,64.04,44.09,277.81,3.496
264,Belfast,42,GB,1571020294,100,54.6,-5.93,280.37,2.1
265,Kavaratti,100,IN,1571020296,74,10.57,72.64,301.57,4.298
266,Abu Dhabi,0,AE,1571020297,45,24.47,54.37,302.15,4.6
267,Montmagny,90,FR,1571020298,87,48.97,2.34,288.15,0.5
268,Port Blair,93,IN,1571020299,75,11.67,92.75,301.88,4.795
269,Keningau,75,MY,1571020301,70,5.33,116.16,304.15,2.1
270,Skegness,100,GB,1571020302,93,53.14,0.34,282.59,2.1
271,Aras,45,ES,1571020303,82,42.56,-2.36,292.15,5.7
272,Vanavara,100,RU,1571020304,83,60.35,102.28,272.68,3.834
273,Tiksi,100,RU,1571020306,90,71.64,128.87,265.37,2.303
274,Slave Lake,75,CA,1571020307,83,55.28,-114.77,277.15,1.0
275,Cayenne,98,GF,1571020308,94,4.94,-52.33,297.15,2.572
276,Aklavik,75,CA,1571020309,86,68.22,-135.01,270.15,2.1
277,Marsa Matruh,40,EG,1571020310,78,31.35,27.25,296.15,2.6
278,Carmo,0,BR,1571020312,83,-21.93,-42.61,291.12,0.855
279,Banda Aceh,100,ID,1571020313,70,5.56,95.32,302.02,0.628
280,Mount Isa,0,AU,1571020315,8,-20.73,139.49,311.15,4.6
281,Dunedin,100,NZ,1571020316,84,-45.87,170.5,284.26,9.39
282,Port Hedland,62,AU,1571020317,12,-20.31,118.58,307.15,3.6
283,Faya,79,SA,1571020318,63,18.39,42.45,290.15,3.427
284,Sechelt,5,CA,1571020320,81,49.47,-123.76,284.26,1.0
285,Tautira,20,PF,1571020321,58,-17.73,-149.15,301.15,3.1
286,Nichinan,20,JP,1571020322,60,31.65,131.31,296.15,2.1
287,Nara,75,JP,1571020323,82,34.68,135.8,293.15,0.5
288,Kholodnyy,100,RU,1571020325,91,62.72,147.95,260.08,2.26
289,Bouza,0,NE,1571020326,25,14.42,6.04,301.84,2.084
290,Palmer,75,AU,1571020327,67,-34.85,139.16,292.59,4.6
291,Xiaoweizhai,100,CN,1571020328,94,26.23,107.51,288.08,2.47
292,Indramayu,88,ID,1571020330,35,-4.05,103.78,306.6,2.182
293,Port Lincoln,21,AU,1571020331,63,-34.72,135.86,290.26,4.172
294,Ponta Delgada,75,PT,1571020333,82,37.73,-25.67,290.37,4.6
295,Cherskiy,100,RU,1571020334,78,68.75,161.3,272.5,0.723
296,Kijang,0,KR,1571020335,45,35.24,129.21,293.15,2.6
297,Luganville,75,VU,1571020336,70,-15.51,167.18,302.15,2.6
298,Buraydah,10,SA,1571020338,46,26.33,43.97,295.15,1.5
299,Riga,100,LV,1571020339,100,56.95,24.11,282.15,3.6
300,Champerico,40,MX,1571020340,83,16.38,-93.6,297.15,2.6
301,Dongsheng,100,CN,1571020342,70,29.72,112.52,293.09,4.916
302,Karasuk,100,RU,1571020344,54,53.73,78.03,285.49,5.933
303,Estelle,90,FR,1571020345,88,43.97,3.47,291.15,2.6
304,Narsaq,94,GL,1571020346,47,60.91,-46.05,275.15,3.6
305,Bonthe,98,SL,1571020348,87,7.53,-12.5,297.91,1.232
306,Nisia Floresta,75,BR,1571020349,94,-6.09,-35.21,297.15,1.5
307,Touros,75,BR,1571020351,94,-5.2,-35.46,296.15,1.5
308,Lyubech,68,UA,1571020352,86,51.7,30.66,284.49,2.362
309,Kaeo,100,NZ,1571020353,100,-35.1,173.78,286.48,16.319
310,Fort-Shevchenko,0,KZ,1571020354,84,44.51,50.26,286.48,4.805
311,Businga,93,CD,1571020356,94,3.34,20.89,293.31,0.187
312,Santa Maria,93,BR,1571020357,38,-16.02,-48.01,296.15,1.0
313,Vardo,1,US,1571020358,58,39.62,-77.74,285.15,1.5
314,Pontianak,40,ID,1571020360,83,-0.02,109.34,299.15,2.1
315,Luzino,100,RU,1571020361,80,54.95,73.03,283.11,5.98
316,Vangaindrano,11,MG,1571020362,92,-23.35,47.6,293.58,1.999
317,Qaqortoq,0,GL,1571020363,47,60.72,-46.03,275.15,3.6
318,Vestmannaeyjar,65,IS,1571020365,71,63.44,-20.27,280.17,10.767
319,Les Cayes,40,HT,1571020366,77,18.19,-73.75,301.53,5.021
320,Sur,0,OM,1571020367,65,22.57,59.53,298.94,1.207
321,La Ronge,75,CA,1571020368,53,55.1,-105.3,273.15,0.819
322,Isangel,40,VU,1571020370,74,-19.55,169.27,301.15,5.1
323,Balakliya,0,UA,1571020371,81,49.46,36.86,284.15,2.0
324,Lorengau,100,PG,1571020372,67,-2.02,147.27,302.12,3.528
325,Te Anau,100,NZ,1571020373,80,-45.41,167.72,283.03,0.508
326,Taseyevo,99,RU,1571020375,61,57.22,94.9,278.55,0.928
327,Yerbogachen,100,RU,1571020376,93,61.28,108.01,270.98,4.604
328,Baker City,1,US,1571020377,49,44.77,-117.83,286.15,2.1
329,Nabire,96,ID,1571020378,64,-3.36,135.5,303.97,1.694
330,Coelho Neto,80,BR,1571020380,73,-4.25,-43.02,298.21,1.971
331,Braganca,10,BR,1571020381,90,-1.05,-46.77,296.43,1.252
332,Khatanga,95,RU,1571020382,93,71.98,102.47,269.55,6.044
333,Ambilobe,67,MG,1571020383,81,-13.19,49.05,295.28,2.472
334,Ponnani,75,IN,1571020385,83,10.77,75.93,299.15,3.1
335,Alexandria,0,RO,1571020386,93,43.97,25.33,280.93,1.833
336,Havelock,90,US,1571020387,65,34.88,-76.9,298.15,3.6
337,Urucara,61,BR,1571020388,60,-2.54,-57.76,299.56,0.803
338,Lompoc,1,US,1571020390,87,34.64,-120.46,289.15,1.5
339,Huangchuan,90,CN,1571020391,82,24.57,102.46,294.82,1.0
340,Beringovskiy,91,RU,1571020392,84,63.05,179.32,276.8,6.712
341,Burnie,95,AU,1571020394,76,-41.05,145.91,288.15,1.79
342,Yelnya,99,RU,1571020396,95,54.58,33.19,281.07,2.199
343,Hualmay,66,PE,1571020397,83,-11.1,-77.61,287.67,1.365
344,Christchurch,100,NZ,1571020398,71,-43.53,172.64,286.15,5.1
345,Namibe,75,AO,1571020400,88,-15.19,12.15,294.61,2.032
346,Brownsville,1,US,1571020401,88,25.91,-97.49,297.59,1.04
347,Little Current,90,CA,1571020402,93,45.98,-81.93,278.71,4.6
348,West Plains,1,US,1571020403,62,36.73,-91.85,286.15,1.782
349,Laguna,75,BZ,1571020405,100,16.17,-88.94,297.15,4.1
350,Margate,32,AU,1571020406,31,-43.03,147.26,298.15,1.34
351,Qasigiannguit,0,GL,1571020407,52,68.82,-51.19,266.15,3.6
352,Severnyy-Kospashskiy,100,RU,1571020408,100,59.09,57.8,278.15,0.89
353,Abha,100,SA,1571020410,63,18.22,42.5,290.15,0.452
354,Los Llanos de Aridane,75,ES,1571020411,88,28.66,-17.92,293.15,4.1
355,Ternate,75,PH,1571020412,66,14.29,120.72,304.26,2.6
356,Revda,100,RU,1571020413,98,67.94,34.55,272.69,2.414
357,Harper,1,US,1571020415,56,30.3,-99.24,294.15,2.1
358,Rumia,100,PL,1571020416,77,54.57,18.4,290.93,5.7
359,Egvekinot,100,RU,1571020417,98,66.32,-179.17,271.23,4.117
360,Praia da Vitoria,75,PT,1571020418,72,38.73,-27.07,291.15,6.369
361,Wewak,100,PG,1571020420,82,-3.55,143.63,298.86,0.739
362,Zabol,0,IR,1571020421,42,31.03,61.49,291.15,18.0
363,Dwarka,20,IN,1571020422,78,28.58,77.04,302.59,1.534
364,Lodwar,99,KE,1571020423,56,3.12,35.6,300.25,4.291
365,Bokhan,19,RU,1571020425,50,53.15,103.77,276.71,2.008
366,Chapais,75,CA,1571020426,70,49.78,-74.86,279.15,4.1
367,Kieta,100,PG,1571020427,70,-6.22,155.63,301.64,2.906
368,Anloga,20,GH,1571020428,94,5.79,0.9,298.15,2.1
369,Muravlenko,100,RU,1571020429,98,63.79,74.5,278.26,5.089
370,Aulum,68,DK,1571020431,76,56.26,8.79,287.15,14.9
371,Sola,4,TZ,1571020432,68,-3.17,33.8,293.01,2.891
372,El Sauzal,90,AR,1571020433,88,-24.3,-64.96,291.15,5.1
373,Bath,100,GB,1571020434,93,51.38,-2.36,284.82,2.6
374,Timra,98,SE,1571020436,100,62.49,17.33,273.15,4.1
375,Lavrentiya,100,RU,1571020437,80,65.58,-170.99,275.06,6.152
376,Tshikapa,100,CD,1571020438,97,-6.42,20.79,293.19,0.656
377,Severo-Kurilsk,51,RU,1571020439,63,50.68,156.12,276.35,13.307
378,Coquimbo,75,CL,1571020441,82,-29.95,-71.34,286.15,5.7
379,Dingle,70,PH,1571020442,74,11.0,122.67,302.01,3.382
380,Oranjestad,20,AW,1571020443,83,12.52,-70.03,301.15,7.2
381,Mount Darwin,0,ZW,1571020445,69,-16.77,31.58,290.28,1.731
382,Aljezur,87,PT,1571020446,94,37.31,-8.8,292.04,0.45
383,San Ignacio,100,PE,1571020447,93,-5.15,-79.0,288.97,1.072
384,Puri,90,ID,1571020448,28,-7.54,112.45,308.88,3.073
385,Ballina,100,IE,1571020450,93,54.11,-9.15,281.48,0.45
386,Kruisfontein,0,ZA,1571020452,91,-34.0,24.73,285.36,3.381
387,Ponca City,1,US,1571020453,62,36.73,-97.07,288.71,3.1
388,Puerto Escondido,40,MX,1571020454,65,15.86,-97.07,299.15,1.705
389,Olga,1,US,1571020456,72,34.11,-118.17,293.15,2.1
390,Alabino,44,RU,1571020457,87,54.32,39.86,280.93,0.89
391,Elliot,24,ZA,1571020458,96,-31.33,27.85,281.02,1.885
392,Novo Aripuana,89,BR,1571020460,94,-5.12,-60.38,296.37,0.551
393,La Pintada,40,CO,1571020461,100,5.75,-75.61,288.15,1.0
394,Gummidipundi,40,IN,1571020462,83,13.42,80.13,302.15,2.6
395,Mugumu,78,TZ,1571020464,70,-1.84,34.67,292.5,1.689
396,Haines Junction,0,CA,1571020465,70,60.75,-137.51,269.06,1.173
397,Mount Gambier,40,AU,1571020466,67,-37.83,140.78,290.15,6.2
398,Iowa City,90,US,1571020467,61,41.66,-91.53,281.15,2.1
399,Kodiak,1,US,1571020469,75,39.95,-94.76,282.15,1.412
400,Bayeux,75,BR,1571020470,100,-7.13,-34.94,296.15,4.1
401,Asasa,100,ET,1571020471,93,7.1,39.2,280.82,1.241
402,Lakes Entrance,37,AU,1571020472,43,-37.88,147.99,297.59,2.24
403,Norrtalje,75,SE,1571020474,93,59.76,18.7,283.15,3.6
404,Olean,1,US,1571020475,65,42.08,-78.43,284.15,4.6
405,Quang Ngai,100,VN,1571020476,80,15.12,108.8,299.75,6.35
406,Manggar,87,ID,1571020478,79,-2.88,108.27,300.45,6.437
407,Mazatlan,75,MX,1571020479,88,23.22,-106.42,302.59,1.101
408,Valera,100,VE,1571020480,80,9.31,-70.61,293.32,2.27
409,Sukumo,0,JP,1571020481,75,32.94,132.72,293.71,7.677
410,Tagusao,100,PH,1571020483,72,9.19,117.81,301.86,4.012
411,Trelew,0,AR,1571020484,59,-43.25,-65.31,277.92,2.787
412,Grand Gaube,75,MU,1571020485,88,-20.01,57.66,294.82,1.5
413,Hingatungan,59,PH,1571020486,72,10.58,125.19,301.16,1.105
414,Pulawy,0,PL,1571020487,87,51.42,21.97,286.48,2.1
415,Yumen,0,CN,1571020489,31,40.29,97.04,279.85,10.945
416,Walvis Bay,100,NA,1571020490,87,-22.95,14.51,290.37,3.6
417,Nyaunglebin,81,MM,1571020491,74,17.95,96.73,302.6,1.26
418,Moose Factory,90,CA,1571020492,93,51.26,-80.61,279.15,2.1
419,Kaberamaido,100,UG,1571020494,98,1.76,33.16,290.6,1.397
420,Eydhafushi,0,MV,1571020495,68,5.1,73.07,301.19,2.919
421,Puerto del Rosario,0,ES,1571020496,72,28.5,-13.86,293.15,1.0
422,Lashio,4,MM,1571020498,66,22.93,97.75,299.2,0.164
423,Ojinaga,90,US,1571020499,100,29.56,-104.41,288.15,0.923
424,Luderitz,0,NA,1571020500,76,-26.65,15.16,287.15,4.1
425,Buzovna,0,AZ,1571020501,82,40.52,50.11,291.15,4.6
426,Northam,75,AU,1571020503,55,-31.65,116.67,291.15,7.2
427,Estevan,1,CA,1571020504,55,49.14,-102.99,275.93,2.6
428,Maniitsoq,0,GL,1571020505,54,65.42,-52.9,270.95,1.979
429,Marti,20,CU,1571020507,94,21.15,-77.45,298.15,3.6
430,Heihe,0,RU,1571020508,28,50.24,127.51,276.95,5.799
431,Fare,0,PF,1571020509,75,-16.7,-151.02,298.29,7.433
432,Suleja,40,NG,1571020510,88,9.18,7.18,295.15,1.5
433,Sobolevo,78,RU,1571020512,95,54.43,31.9,281.18,1.972
434,Sini,54,ID,1571020513,30,-9.75,124.52,303.94,5.193
435,Pa Daet,75,TH,1571020514,88,19.5,99.99,299.26,1.5
436,Bend,1,US,1571020515,66,44.06,-121.32,285.15,2.6
437,LaPlace,1,US,1571020517,78,30.07,-90.48,298.15,2.6
438,Lahij,74,YE,1571020518,64,13.06,44.88,300.56,4.264
439,La Orilla,3,MX,1571020519,87,18.0,-102.23,298.52,0.749
440,Cape Coast,1,GH,1571020520,87,5.11,-1.24,298.28,4.727
441,Bereda,20,ES,1571020522,93,43.27,-7.54,286.48,3.6
442,Hasaki,75,JP,1571020523,77,35.73,140.83,293.15,5.1
443,Skjervoy,9,NO,1571020524,60,70.03,20.97,275.99,3.313
444,Iralaya,100,HN,1571020525,75,15.0,-83.23,301.89,5.656
445,Zyryanka,100,RU,1571020527,92,65.73,150.89,267.13,14.803
446,Smithers,40,CA,1571020528,96,54.78,-127.17,276.15,2.6
447,Herrin,1,US,1571020529,66,37.8,-89.03,285.37,3.1
448,Rumonge,32,BI,1571020530,79,-3.97,29.44,293.48,0.665
449,Gibsons,20,CA,1571020532,81,49.4,-123.51,284.26,1.5
450,Mitsamiouli,3,KM,1571020533,74,-11.38,43.28,298.93,2.972
451,Cortez,1,US,1571020534,30,37.35,-108.58,280.15,3.6
452,Dongkan,99,CN,1571020535,63,34.0,119.83,290.73,8.806
453,Axim,88,GH,1571020537,97,4.87,-2.24,295.76,1.297
454,Melipilla,20,CL,1571020538,100,-33.69,-71.21,290.15,1.0
455,Tupaciguara,8,BR,1571020539,32,-18.59,-48.7,300.15,2.1
456,Ocean City,75,US,1571020540,73,30.44,-86.61,298.15,3.1
457,Yakeshi,0,CN,1571020542,29,49.28,120.73,274.61,5.763
458,Bama,100,CN,1571020543,81,24.14,107.25,294.57,1.371
459,Itoman,75,JP,1571020544,88,26.12,127.67,299.15,5.1
460,Acapulco,75,MX,1571020545,83,16.86,-99.88,302.15,5.1
461,Mombetsu,40,JP,1571020547,37,44.35,143.35,286.15,3.6
462,Sistranda,20,NO,1571020548,74,63.73,8.83,278.71,1.5
463,Bosobolo,9,CD,1571020549,97,4.19,19.88,293.98,0.541
464,Senador Jose Porfirio,25,BR,1571020550,77,-2.59,-51.95,299.23,4.01
465,Ampanihy,65,MG,1571020552,83,-24.69,44.75,294.1,0.652
466,Mbala,5,ZM,1571020553,85,-8.85,31.37,289.24,2.065
467,Coahuayana,69,MX,1571020554,89,18.62,-100.35,296.4,0.903
468,Pokhara,0,NP,1571020555,70,28.21,83.99,295.6,0.554
469,Zaozerne,0,UA,1571020557,84,51.37,23.94,284.1,3.696
470,Inhambane,73,MZ,1571020558,72,-23.87,35.38,294.84,5.382
471,Mandera,100,ET,1571020559,76,3.94,41.86,299.26,1.34
472,Severo-Yeniseyskiy,100,RU,1571020560,96,60.37,93.04,274.9,2.872
473,Eyemouth,54,GB,1571020565,99,55.87,-2.09,280.37,4.02
474,Bathsheba,40,BB,1571020566,83,13.22,-59.52,300.15,6.7
475,La Solana,24,ES,1571020567,45,38.94,-3.24,293.15,8.9
476,Erbaa,40,TR,1571020568,93,40.67,36.56,285.15,2.1
477,Neiafu,75,TO,1571020570,61,-18.65,-173.98,300.15,3.1
478,Sungaipenuh,99,ID,1571020571,56,-2.08,101.38,297.26,1.453
479,Atar,69,MR,1571020573,47,20.52,-13.05,300.6,6.403
480,Nelson,100,CA,1571020574,99,49.49,-117.29,274.13,1.238
481,Chandler,40,US,1571020576,22,33.31,-111.84,302.15,3.1
482,Tvrdonice,25,CZ,1571020577,100,48.76,16.99,286.48,2.1
483,Capreol,90,CA,1571020578,93,46.71,-80.92,278.15,5.7
484,Khash,0,IR,1571020580,23,28.22,61.21,291.23,4.707
485,Santa Clara,40,CU,1571020581,94,22.41,-79.97,298.15,1.5
486,Cabinda,100,AO,1571020582,83,-5.56,12.19,298.82,4.74
487,Katsuura,20,JP,1571020583,60,33.93,134.5,295.93,4.6
488,Kahului,20,US,1571020585,48,20.89,-156.47,304.15,10.3
489,Camandag,70,PH,1571020586,74,10.89,122.29,302.01,3.382
490,Mumbwa,53,ZM,1571020587,47,-14.99,27.06,292.98,2.162
491,Murray Bridge,0,AU,1571020588,56,-35.12,139.28,292.04,2.24
492,Uttaradit,20,TH,1571020590,83,17.63,100.1,308.71,1.0
493,Uarini,36,BR,1571020591,91,-2.98,-65.16,296.78,0.455
494,Sao Miguel do Araguaia,0,BR,1571020593,57,-13.28,-50.16,299.14,1.214
495,Arcachon,0,FR,1571020594,88,44.65,-1.18,291.15,4.6
496,Nagato,20,JP,1571020595,46,34.35,131.14,296.15,6.2
497,Sokolo,23,ML,1571020596,61,14.74,-6.12,300.11,3.548
498,Pangai,40,TO,1571020598,65,-19.8,-174.35,300.15,4.1
499,Feldkirchen an der Donau,90,AT,1571020599,100,48.34,14.05,284.26,0.5
500,Cherepovets,59,RU,1571020600,86,59.13,37.92,280.38,5.567
501,Marsabit,74,KE,1571020601,75,2.34,37.99,294.61,11.311
502,Savannah Bight,99,HN,1571020603,75,16.45,-85.85,300.86,4.063
503,Almeirim,0,BR,1571020604,76,-1.53,-52.58,299.49,3.251
504,Ustka,77,PL,1571020605,81,54.58,16.86,289.36,6.722
505,Mayumba,100,GA,1571020607,91,-3.44,10.65,297.45,5.748
506,Zyryanskoye,100,RU,1571020608,75,56.83,86.62,281.72,3.752
507,Ambulu,100,ID,1571020609,86,-8.35,113.61,297.96,4.785
508,Kungurtug,0,RU,1571020610,28,50.6,97.53,277.5,0.323
509,Sioux Lookout,75,CA,1571020612,93,50.1,-91.92,275.15,3.6
510,Ridgetown,90,CA,1571020613,61,42.44,-81.88,283.71,4.1
511,Terre Haute,1,US,1571020614,62,39.47,-87.41,286.15,1.5
512,Barcelos,98,BR,1571020615,88,-0.97,-62.93,296.92,1.052
513,Zambezi,98,ZM,1571020617,90,-13.55,23.12,292.27,1.14
514,Pisco,90,PE,1571020618,72,-13.71,-76.2,291.15,4.6
515,Cuamba,0,MZ,1571020619,84,-14.8,36.54,293.82,1.66
516,Aykhal,85,RU,1571020620,92,65.95,111.51,265.48,3.281
517,Ahuimanu,40,US,1571020622,69,21.44,-157.84,303.15,4.6
518,Oktyabrskiy,74,RU,1571020623,87,55.61,37.97,280.93,3.0
519,Los Lunas,1,US,1571020624,29,34.81,-106.76,290.37,3.1
520,Hami,0,CN,1571020625,29,42.84,93.51,287.47,1.602
521,Presidente Medici,57,BR,1571020627,82,-11.18,-61.9,296.94,0.499
522,Opoczno,6,PL,1571020628,85,51.38,20.29,287.59,5.082
523,Rocha,17,UY,1571020629,68,-34.48,-54.34,279.51,3.301
524,Nenjiang,0,CN,1571020631,27,49.17,125.23,276.74,5.128
525,Seybaplaya,90,MX,1571020632,94,19.65,-90.67,298.15,1.133
526,Aneho,20,TG,1571020633,94,6.23,1.6,298.15,2.1
527,Tateyama,75,JP,1571020635,88,36.66,137.31,290.93,1.0
528,Byron Bay,40,AU,1571020636,56,-28.65,153.62,299.82,5.7
529,Alausi,100,EC,1571020637,97,-2.2,-78.83,286.19,0.668
530,Nioro,100,GM,1571020638,84,13.79,-15.05,297.63,2.995
531,Bonavista,98,CA,1571020640,81,48.65,-53.11,282.59,3.13
532,Tuatapere,100,NZ,1571020641,89,-46.13,167.69,285.61,1.478
533,Guarapari,3,BR,1571020642,78,-20.67,-40.5,296.15,4.1
534,Antofagasta,10,CL,1571020643,67,-23.65,-70.4,290.15,6.7
535,Paramonga,54,PE,1571020645,89,-10.68,-77.82,288.2,3.052
536,Tehachapi,1,US,1571020646,24,35.13,-118.45,297.15,2.1
537,Monjas,100,GT,1571020647,97,14.5,-89.87,289.57,2.083
538,Cabedelo,75,BR,1571020648,100,-6.97,-34.84,296.15,4.1
539,Westport,1,US,1571020650,67,41.14,-73.36,290.37,3.6
540,Kudus,100,ID,1571020651,42,-6.82,110.84,306.25,1.988
541,Kipini,20,KE,1571020652,94,-2.53,40.53,297.15,3.514
542,Verkhnyaya Inta,94,RU,1571020653,89,65.99,60.32,273.67,2.552
543,Mehamn,98,NO,1571020655,74,71.03,27.85,273.65,1.833
544,Camopi,65,GF,1571020656,92,3.17,-52.33,295.15,0.966
545,Irtyshskiy,100,RU,1571020657,91,58.33,68.13,279.37,4.527
546,Karachi,1,PK,1571020658,73,24.87,67.03,295.15,2.199
547,Abilene,1,US,1571020659,37,32.45,-99.73,295.37,3.1
548,Oswego,1,US,1571020661,81,37.17,-95.11,285.37,2.6
549,Maragogi,49,BR,1571020663,79,-9.01,-35.22,298.76,8.053
550,Talaya,100,RU,1571020664,71,55.79,84.89,280.93,4.02
551,Yurla,97,RU,1571020666,94,59.33,54.32,278.95,3.328
552,Iquique,75,CL,1571020667,72,-20.22,-70.14,291.15,1.5
